<?xml version="1.0" encoding="UTF-8"?>
<psp xmlns="http://www.gsis.gr/psp/2.3" xmlns:xsi="http://www.w3.org/2001/XMLSchema-instance" xsi:schemaLocation="http://www.gsis.gr/psp psp-2.3.xsd">
<header>
<schemaVersion value="2.3"/>
<transaction>
<period month="15" year="2012"/>
<periodType value ="1"/>
<appType>initial</appType>
<category>ΜΕΤΑΠΛΗΡΩΤΕΟΙ</category>
</transaction>
</header>
<body>
<organizations>
<organization id="8159044">
<employees>
<employee>
<identification>
<firstName>ΝΙΚΟΛΑΣ</firstName>
<lastName>ΑΝΤΕΡΣΕΝ</lastName>
<amm>2154468</amm>
<tin>066404040</tin>
<policeId>ΑΕ954024</policeId>
<amka>08097302973</amka>
<newInsured/>
<category value="ΠΕ6" />
<scale>
<rank>998</rank>
</scale>
<bankAccount iban="GR2801727180005718033419887"/>
</identification>
<payment contractType="02">
<income type ="00">
<gr code="149" kae="0228" amount="25.00"/>
<de code="4002100" amount="1.92"/>
<de code="4014201" amount="1.67"/>
<de code="4014202" amount="0.64"/>
<de code="4014205" amount="1.00"/>
<de code="3011300" amount="2.12"/>
<de code="3089100" amount="0.39"/>
<de code="4051700" amount="0.25"/>
<et code="4002100" kae="99999" kaeDescription="0551" amount="2.46"/>
<et code="4014201" kae="99999" kaeDescription="0552" amount="3.33"/>
<et code="4014202" kae="99999" kaeDescription="0552" amount="1.28"/>
</income>
<netAmount1 value="17.01"/>
<netAmount2 value="0.00"/>
</payment>
</employee>
<employee>
<identification>
<firstName>ΔΙΟΝΥΣΙ</firstName>
<lastName>ΜΑΚΡΗΣ</lastName>
<amm>2254637</amm>
<tin>023323356</tin>
<policeId>Ι390924 </policeId>
<amka>01035001971</amka>
<category value="ΠΕ6" />
<scale>
<rank>998</rank>
</scale>
<bankAccount iban="GR9804313130003880105554008"/>
</identification>
<payment contractType="02">
<income type ="00">
<gr code="149" kae="0228" amount="197.90"/>
<de code="4002100" amount="15.20"/>
<de code="4014202" amount="4.25"/>
<de code="3011300" amount="19.81"/>
<de code="3089100" amount="3.53"/>
<de code="4051700" amount="1.98"/>
<et code="4002100" kae="99999" kaeDescription="0551" amount="19.45"/>
<et code="4014201" kae="99999" kaeDescription="0552" amount="26.38"/>
<et code="4014202" kae="99999" kaeDescription="0552" amount="8.51"/>
</income>
<netAmount1 value="153.13"/>
<netAmount2 value="0.00"/>
</payment>
</employee>
<employee>
<identification>
<firstName>ΕΜΜΑΝΟΥ</firstName>
<lastName>ΣΤΑΥΡΟΥΛΗΣ</lastName>
<amm>2322388</amm>
<tin>073096460</tin>
<policeId>Χ320256 </policeId>
<amka>14127302934</amka>
<newInsured/>
<category value="ΠΕ6" />
<scale>
<rank>998</rank>
</scale>
<bankAccount iban="GR1504333160004050100731706"/>
</identification>
<payment contractType="02">
<income type ="00">
<gr code="149" kae="0228" amount="287.50"/>
<de code="4002100" amount="22.08"/>
<de code="4014201" amount="19.18"/>
<de code="4014202" amount="7.33"/>
<de code="4014205" amount="11.50"/>
<de code="3011300" amount="17.67"/>
<de code="3089100" amount="4.49"/>
<de code="4051700" amount="2.88"/>
<et code="4002100" kae="99999" kaeDescription="0551" amount="28.26"/>
<et code="4014201" kae="99999" kaeDescription="0552" amount="38.32"/>
<et code="4014202" kae="99999" kaeDescription="0552" amount="14.66"/>
</income>
<netAmount1 value="202.37"/>
<netAmount2 value="0.00"/>
</payment>
</employee>
<employee>
<identification>
<firstName>ΚΡΑΣΙΜΗ</firstName>
<lastName>ΚΟΛΟΒΟΥ</lastName>
<amm>2322409</amm>
<tin>129334060</tin>
<policeId>Χ377628 </policeId>
<amka>04096501426</amka>
<newInsured/>
<category value="ΠΕ6" />
<scale>
<rank>998</rank>
</scale>
<bankAccount iban="GR6501727180005718046284913"/>
</identification>
<payment contractType="02">
<income type ="00">
<gr code="149" kae="0228" amount="156.25"/>
<de code="4002100" amount="12.00"/>
<de code="4014201" amount="10.42"/>
<de code="4014202" amount="3.98"/>
<de code="4014205" amount="6.25"/>
<de code="3011300" amount="10.38"/>
<de code="3089100" amount="1.22"/>
<de code="4051700" amount="1.56"/>
<et code="4002100" kae="99999" kaeDescription="0551" amount="15.36"/>
<et code="4014201" kae="99999" kaeDescription="0552" amount="20.83"/>
<et code="4014202" kae="99999" kaeDescription="0552" amount="7.97"/>
</income>
<netAmount1 value="110.44"/>
<netAmount2 value="0.00"/>
</payment>
</employee>
<employee>
<identification>
<firstName>ΠΑΡΑΣΚΕ</firstName>
<lastName>ΑΘΑΝΑΣΑΚΗ</lastName>
<amm>2377469</amm>
<tin>118100090</tin>
<policeId>Φ230112 </policeId>
<amka>21117602546</amka>
<newInsured/>
<category value="ΠΕ6" />
<scale>
<rank>998</rank>
</scale>
<bankAccount iban="GR7304313130003880102105041"/>
</identification>
<payment contractType="02">
<income type ="00">
<gr code="149" kae="0228" amount="368.75"/>
<de code="4002100" amount="28.32"/>
<de code="4014201" amount="24.60"/>
<de code="4014202" amount="9.40"/>
<de code="4014205" amount="14.75"/>
<de code="3011300" amount="27.96"/>
<de code="3089100" amount="2.88"/>
<de code="4051700" amount="3.69"/>
<et code="4002100" kae="99999" kaeDescription="0551" amount="36.25"/>
<et code="4014201" kae="99999" kaeDescription="0552" amount="49.15"/>
<et code="4014202" kae="99999" kaeDescription="0552" amount="18.81"/>
</income>
<netAmount1 value="257.15"/>
<netAmount2 value="0.00"/>
</payment>
</employee>
<employee>
<identification>
<firstName>ΜΙΧΑΗΛ</firstName>
<lastName>ΓΕΩΡΓΟΥΛΗΣ</lastName>
<amm>2415921</amm>
<tin>132371945</tin>
<policeId>ΑΖ949633</policeId>
<amka>13117603699</amka>
<newInsured/>
<category value="ΠΕ6" />
<scale>
<rank>998</rank>
</scale>
<bankAccount iban="GR1704313130003880105579328"/>
</identification>
<payment contractType="02">
<income type ="00">
<gr code="149" kae="0228" amount="156.25"/>
<de code="4002100" amount="12.00"/>
<de code="4014201" amount="10.42"/>
<de code="4014202" amount="3.98"/>
<de code="4014205" amount="6.25"/>
<de code="3011300" amount="7.30"/>
<de code="3089100" amount="1.22"/>
<de code="4051700" amount="1.56"/>
<et code="4002100" kae="99999" kaeDescription="0551" amount="15.36"/>
<et code="4014201" kae="99999" kaeDescription="0552" amount="20.83"/>
<et code="4014202" kae="99999" kaeDescription="0552" amount="7.97"/>
</income>
<netAmount1 value="113.52"/>
<netAmount2 value="0.00"/>
</payment>
</employee>
<employee>
<identification>
<firstName>ΚΩΝΣΤΑΝ</firstName>
<lastName>ΔΗΜΑΚΗΣ</lastName>
<amm>2415947</amm>
<tin>116189023</tin>
<policeId>ΑΖ414104</policeId>
<amka>09027503474</amka>
<newInsured/>
<category value="ΠΕ6" />
<scale>
<rank>998</rank>
</scale>
<bankAccount iban="GR0804301100001830104137729"/>
</identification>
<payment contractType="02">
<income type ="00">
<gr code="149" kae="0228" amount="166.65"/>
<de code="4002100" amount="12.80"/>
<de code="4014201" amount="11.12"/>
<de code="4014202" amount="4.25"/>
<de code="4014205" amount="6.66"/>
<de code="3011300" amount="15.78"/>
<de code="3089100" amount="2.60"/>
<de code="4051700" amount="1.67"/>
<et code="4002100" kae="99999" kaeDescription="0551" amount="16.38"/>
<et code="4014201" kae="99999" kaeDescription="0552" amount="22.21"/>
<et code="4014202" kae="99999" kaeDescription="0552" amount="8.50"/>
</income>
<netAmount1 value="111.77"/>
<netAmount2 value="0.00"/>
</payment>
</employee>
<employee>
<identification>
<firstName>ΚΩΝΣΤΑΝ</firstName>
<lastName>ΡΕΒΕΛΙΩΤΗΣ</lastName>
<amm>2421239</amm>
<tin>112109130</tin>
<policeId>Τ503677 </policeId>
<amka>31037404071</amka>
<newInsured/>
<category value="ΠΕ6" />
<scale>
<rank>998</rank>
</scale>
<bankAccount iban="GR6601403960396002340001462"/>
</identification>
<payment contractType="02">
<income type ="00">
<gr code="149" kae="0228" amount="195.85"/>
<de code="4002100" amount="15.04"/>
<de code="4014201" amount="13.06"/>
<de code="4014202" amount="4.99"/>
<de code="4014205" amount="7.83"/>
<de code="3011300" amount="14.69"/>
<de code="3089100" amount="1.53"/>
<de code="4051700" amount="1.96"/>
<et code="4002100" kae="99999" kaeDescription="0551" amount="19.25"/>
<et code="4014201" kae="99999" kaeDescription="0552" amount="26.11"/>
<et code="4014202" kae="99999" kaeDescription="0552" amount="9.99"/>
</income>
<netAmount1 value="136.75"/>
<netAmount2 value="0.00"/>
</payment>
</employee>
<employee>
<identification>
<firstName>ΜΑΡΙΑ</firstName>
<lastName>ΕΛΕΥΘΕΡΙΟΥ</lastName>
<amm>2421247</amm>
<tin>108128287</tin>
<policeId>Σ281018 </policeId>
<amka>06027603221</amka>
<newInsured/>
<category value="ΠΕ6" />
<scale>
<rank>998</rank>
</scale>
<bankAccount iban="GR2701104030000040336749326"/>
</identification>
<payment contractType="02">
<income type ="00">
<gr code="149" kae="0228" amount="212.50"/>
<de code="4002100" amount="16.32"/>
<de code="4014201" amount="14.17"/>
<de code="4014202" amount="5.42"/>
<de code="4014205" amount="8.50"/>
<de code="3011300" amount="14.12"/>
<de code="3089100" amount="1.66"/>
<de code="4051700" amount="2.13"/>
<et code="4002100" kae="99999" kaeDescription="0551" amount="20.89"/>
<et code="4014201" kae="99999" kaeDescription="0552" amount="28.33"/>
<et code="4014202" kae="99999" kaeDescription="0552" amount="10.84"/>
</income>
<netAmount1 value="150.18"/>
<netAmount2 value="0.00"/>
</payment>
</employee>
<employee>
<identification>
<firstName>ΚΩΝΣΤΑΝ</firstName>
<lastName>ΨΑΡΑΣ</lastName>
<amm>3009019</amm>
<tin>114656513</tin>
<policeId>ΑΒ949231</policeId>
<amka>02127402838</amka>
<newInsured/>
<category value="ΠΕ6" />
<scale>
<rank>998</rank>
</scale>
<bankAccount iban="GR2004313130003880105253257"/>
</identification>
<payment contractType="02">
<income type ="00">
<gr code="149" kae="0228" amount="443.75"/>
<de code="4002100" amount="34.08"/>
<de code="4014201" amount="29.60"/>
<de code="4014202" amount="11.32"/>
<de code="4014205" amount="17.75"/>
<de code="3011300" amount="29.62"/>
<de code="3089100" amount="3.47"/>
<de code="4051700" amount="4.44"/>
<et code="4002100" kae="99999" kaeDescription="0551" amount="43.62"/>
<et code="4014201" kae="99999" kaeDescription="0552" amount="59.15"/>
<et code="4014202" kae="99999" kaeDescription="0552" amount="22.63"/>
</income>
<netAmount1 value="313.47"/>
<netAmount2 value="0.00"/>
</payment>
</employee>
<employee>
<identification>
<firstName>ΘΕΟΔΩΡΟ</firstName>
<lastName>ΧΑΒΙΑΤΣΟΣ</lastName>
<amm>3009027</amm>
<tin>126157322</tin>
<policeId>ΑΒ947012</policeId>
<amka>23087603637</amka>
<newInsured/>
<category value="ΠΕ6" />
<scale>
<rank>998</rank>
</scale>
<bankAccount iban="GR2304313130003880102097890"/>
</identification>
<payment contractType="02">
<income type ="00">
<gr code="149" kae="0228" amount="456.25"/>
<de code="4002100" amount="35.04"/>
<de code="4014201" amount="30.43"/>
<de code="4014202" amount="11.63"/>
<de code="4014205" amount="18.25"/>
<de code="3011300" amount="32.94"/>
<de code="3089100" amount="3.56"/>
<de code="4051700" amount="4.56"/>
<et code="4002100" kae="99999" kaeDescription="0551" amount="44.85"/>
<et code="4014201" kae="99999" kaeDescription="0552" amount="60.82"/>
<et code="4014202" kae="99999" kaeDescription="0552" amount="23.27"/>
</income>
<netAmount1 value="319.84"/>
<netAmount2 value="0.00"/>
</payment>
</employee>
<employee>
<identification>
<firstName>ΚΛΕΟΠΑΤ</firstName>
<lastName>ΠΡΟΔΡΟΜΙΔΟΥ</lastName>
<amm>3021974</amm>
<tin>126195639</tin>
<policeId>ΑΗ132423</policeId>
<amka>07127502784</amka>
<newInsured/>
<category value="ΠΕ6" />
<scale>
<rank>998</rank>
</scale>
<bankAccount iban="GR2104306200002740170034159"/>
</identification>
<payment contractType="02">
<income type ="00">
<gr code="149" kae="0228" amount="500.00"/>
<de code="4002100" amount="38.40"/>
<de code="4014201" amount="33.35"/>
<de code="4014202" amount="12.75"/>
<de code="4014205" amount="20.00"/>
<de code="3011300" amount="31.65"/>
<de code="3089100" amount="3.91"/>
<de code="4051700" amount="5.00"/>
<et code="4002100" kae="99999" kaeDescription="0551" amount="49.15"/>
<et code="4014201" kae="99999" kaeDescription="0552" amount="66.65"/>
<et code="4014202" kae="99999" kaeDescription="0552" amount="25.50"/>
</income>
<netAmount1 value="354.94"/>
<netAmount2 value="0.00"/>
</payment>
</employee>
<employee>
<identification>
<firstName>ΙΩΑΝΝΗΣ</firstName>
<lastName>ΛΙΑΠΗΣ</lastName>
<amm>3027487</amm>
<tin>117942639</tin>
<policeId>ΑΕ341579</policeId>
<amka>17097001931</amka>
<newInsured/>
<category value="ΠΕ6" />
<scale>
<rank>998</rank>
</scale>
<bankAccount iban="GR3001102340000023436202982"/>
</identification>
<payment contractType="02">
<income type ="00">
<gr code="149" kae="0228" amount="500.00"/>
<de code="4002100" amount="38.40"/>
<de code="4014201" amount="33.35"/>
<de code="4014202" amount="12.75"/>
<de code="4014205" amount="20.00"/>
<de code="3011300" amount="32.79"/>
<de code="3089100" amount="3.91"/>
<de code="4051700" amount="5.00"/>
<et code="4002100" kae="99999" kaeDescription="0551" amount="49.15"/>
<et code="4014201" kae="99999" kaeDescription="0552" amount="66.65"/>
<et code="4014202" kae="99999" kaeDescription="0552" amount="25.50"/>
</income>
<netAmount1 value="353.80"/>
<netAmount2 value="0.00"/>
</payment>
</employee>
<employee>
<identification>
<firstName>ΝΙΚΗΤΑΣ</firstName>
<lastName>ΔΙΑΚΟΣΤΑΜΑΤΗΣ</lastName>
<amm>3039197</amm>
<tin>159974117</tin>
<policeId>ΑΗ452197</policeId>
<amka>21069302657</amka>
<category value="ΥΕ" />
<scale>
<rank>998</rank>
</scale>
<bankAccount iban="GR6701108200000082035373073"/>
</identification>
<payment contractType="21">
<income type ="00">
<gr code="149" kae="0228" amount="200.00"/>
<de code="4002100" amount="4.28"/>
<de code="4051700" amount="2.00"/>
<et code="4002100" kae="99999" kaeDescription="0551" amount="39.68"/>
</income>
<netAmount1 value="193.72"/>
<netAmount2 value="0.00"/>
</payment>
</employee>
<employee>
<identification>
<firstName>ENDRIT</firstName>
<lastName>ZISI</lastName>
<amm>3039218</amm>
<tin>148076023</tin>
<policeId>BJ646464</policeId>
<amka>31018900790</amka>
<category value="ΥΕ" />
<scale>
<rank>998</rank>
</scale>
<bankAccount iban="GR2401727010005701036933379"/>
</identification>
<payment contractType="21">
<income type ="00">
<gr code="149" kae="0228" amount="220.00"/>
<de code="4002100" amount="4.71"/>
<de code="4051700" amount="2.20"/>
<et code="4002100" kae="99999" kaeDescription="0551" amount="43.65"/>
</income>
<netAmount1 value="213.09"/>
<netAmount2 value="0.00"/>
</payment>
</employee>
<employee>
<identification>
<firstName>ΓΑΒΡΙΗΛ</firstName>
<lastName>ΜΑΣΤΡΟΜΙΧΑΛΗΣ</lastName>
<amm>3039226</amm>
<tin>136129785</tin>
<policeId>ΑΙ422438</policeId>
<amka>13099202270</amka>
<category value="ΥΕ" />
<scale>
<rank>998</rank>
</scale>
<bankAccount iban="GR5401727180005718057446125"/>
</identification>
<payment contractType="21">
<income type ="00">
<gr code="149" kae="0228" amount="220.00"/>
<de code="4002100" amount="4.71"/>
<de code="4051700" amount="2.20"/>
<et code="4002100" kae="99999" kaeDescription="0551" amount="43.65"/>
</income>
<netAmount1 value="213.09"/>
<netAmount2 value="0.00"/>
</payment>
</employee>
<employee>
<identification>
<firstName>ΓΕΩΡΓΙΟ</firstName>
<lastName>ΓΑΒΑΛΑΣ</lastName>
<amm>3039234</amm>
<tin>136112778</tin>
<policeId>ΑΑ341518</policeId>
<amka>01019000833</amka>
<category value="ΥΕ" />
<scale>
<rank>998</rank>
</scale>
<bankAccount iban="GR2301104610000046172026018"/>
</identification>
<payment contractType="21">
<income type ="00">
<gr code="149" kae="0228" amount="200.00"/>
<de code="4002100" amount="4.28"/>
<de code="4051700" amount="2.00"/>
<et code="4002100" kae="99999" kaeDescription="0551" amount="39.68"/>
</income>
<netAmount1 value="193.72"/>
<netAmount2 value="0.00"/>
</payment>
</employee>
<employee>
<identification>
<firstName>ΝΙΚΟΛΑΟ</firstName>
<lastName>ΡΑΛΛΗΣ</lastName>
<amm>3039242</amm>
<tin>154633985</tin>
<policeId>ΑΗ446996</policeId>
<amka>23108901390</amka>
<category value="ΥΕ" />
<scale>
<rank>998</rank>
</scale>
<bankAccount iban="GR5109611010000000893060666"/>
</identification>
<payment contractType="21">
<income type ="00">
<gr code="149" kae="0228" amount="220.00"/>
<de code="4002100" amount="4.71"/>
<de code="4051700" amount="2.20"/>
<et code="4002100" kae="99999" kaeDescription="0551" amount="43.65"/>
</income>
<netAmount1 value="213.09"/>
<netAmount2 value="0.00"/>
</payment>
</employee>
<employee>
<identification>
<firstName>ΧΑΡΙΛΑΟ</firstName>
<lastName>ΣΤΑΜΟΣ</lastName>
<amm>3041086</amm>
<tin>056924535</tin>
<policeId>Λ653337 </policeId>
<amka>13056601936</amka>
<newInsured/>
<category value="ΠΕ6" />
<scale>
<rank>998</rank>
</scale>
<bankAccount iban="GR9501723500005350025021605"/>
</identification>
<payment contractType="02">
<income type ="00">
<gr code="149" kae="0228" amount="366.65"/>
<de code="4002100" amount="28.16"/>
<de code="4014201" amount="24.46"/>
<de code="4014202" amount="9.35"/>
<de code="4014205" amount="14.66"/>
<de code="3011300" amount="17.14"/>
<de code="3089100" amount="2.86"/>
<de code="4051700" amount="3.67"/>
<et code="4002100" kae="99999" kaeDescription="0551" amount="36.04"/>
<et code="4014201" kae="99999" kaeDescription="0552" amount="48.87"/>
<et code="4014202" kae="99999" kaeDescription="0552" amount="18.70"/>
</income>
<netAmount1 value="266.35"/>
<netAmount2 value="0.00"/>
</payment>
</employee>
<employee>
<identification>
<firstName>ΧΡΗΣΤΟΣ</firstName>
<lastName>ΠΑΛΙΟΥΡΑΣ</lastName>
<amm>3041107</amm>
<tin>046641306</tin>
<policeId>ΑΖ955787</policeId>
<amka>24057600470</amka>
<newInsured/>
<category value="ΠΕ6" />
<scale>
<rank>998</rank>
</scale>
<bankAccount iban="GR7001107590000075960101998"/>
</identification>
<payment contractType="02">
<income type ="00">
<gr code="149" kae="0228" amount="383.35"/>
<de code="4002100" amount="29.44"/>
<de code="4014201" amount="25.57"/>
<de code="4014202" amount="9.78"/>
<de code="4014205" amount="15.33"/>
<de code="3011300" amount="27.28"/>
<de code="3089100" amount="2.99"/>
<de code="4051700" amount="3.83"/>
<et code="4002100" kae="99999" kaeDescription="0551" amount="37.68"/>
<et code="4014201" kae="99999" kaeDescription="0552" amount="51.10"/>
<et code="4014202" kae="99999" kaeDescription="0552" amount="19.55"/>
</income>
<netAmount1 value="269.13"/>
<netAmount2 value="0.00"/>
</payment>
</employee>
<employee>
<identification>
<firstName>ΓΕΩΡΓΙΟ</firstName>
<lastName>ΧΑΛΚΙΑΣ</lastName>
<amm>3044851</amm>
<tin>157198976</tin>
<policeId>949621  </policeId>
<amka>17029300716</amka>
<category value="ΥΕ" />
<scale>
<rank>998</rank>
</scale>
<bankAccount iban="GR8701104610000046157120331"/>
</identification>
<payment contractType="21">
<income type ="00">
<gr code="149" kae="0228" amount="140.00"/>
<de code="4002100" amount="3.00"/>
<de code="4051700" amount="1.40"/>
<et code="4002100" kae="99999" kaeDescription="0551" amount="27.77"/>
</income>
<netAmount1 value="135.60"/>
<netAmount2 value="0.00"/>
</payment>
</employee>
<employee>
<identification>
<firstName>ΕΥΑΓΓΕΛ</firstName>
<lastName>ΑΝΑΣΤΑΣΙΟΥ</lastName>
<amm>3053124</amm>
<tin>115903643</tin>
<policeId>ΑΙ689230</policeId>
<amka>21038105652</amka>
<newInsured/>
<category value="ΠΕ6" />
<scale>
<rank>998</rank>
</scale>
<bankAccount iban="GR4701727180005718059452211"/>
</identification>
<payment contractType="02">
<income type ="00">
<gr code="149" kae="0228" amount="127.10"/>
<de code="4002100" amount="9.76"/>
<de code="4014201" amount="5.08"/>
<de code="4014202" amount="3.24"/>
<de code="4014205" amount="5.08"/>
<de code="3011300" amount="8.70"/>
<de code="3089100" amount="1.03"/>
<de code="4051700" amount="1.27"/>
<et code="4002100" kae="99999" kaeDescription="0551" amount="12.50"/>
<et code="4014201" kae="99999" kaeDescription="0552" amount="16.94"/>
<et code="4014202" kae="99999" kaeDescription="0552" amount="6.48"/>
</income>
<netAmount1 value="92.94"/>
<netAmount2 value="0.00"/>
</payment>
</employee>
<employee>
<identification>
<firstName>ΑΗΔΟΝΑ</firstName>
<lastName>ΤΣΕΠΕΛΑΚΗ</lastName>
<amm>3053415</amm>
<tin>100811008</tin>
<policeId>ΑΙ355078</policeId>
<amka>02127702328</amka>
<newInsured/>
<category value="ΠΕ6" />
<scale>
<rank>998</rank>
</scale>
<bankAccount iban="GR8004314210000530101989019"/>
</identification>
<payment contractType="02">
<income type ="00">
<gr code="149" kae="0228" amount="112.50"/>
<de code="4002100" amount="8.64"/>
<de code="4014201" amount="7.50"/>
<de code="4014202" amount="2.87"/>
<de code="4014205" amount="4.50"/>
<de code="3011300" amount="7.12"/>
<de code="3089100" amount="0.88"/>
<de code="4051700" amount="1.13"/>
<et code="4002100" kae="99999" kaeDescription="0551" amount="11.06"/>
<et code="4014201" kae="99999" kaeDescription="0552" amount="15.00"/>
<et code="4014202" kae="99999" kaeDescription="0552" amount="5.74"/>
</income>
<netAmount1 value="79.86"/>
<netAmount2 value="0.00"/>
</payment>
</employee>
<employee>
<identification>
<firstName>ΧΑΡΑΛΑΜ</firstName>
<lastName>ΣΤΡΟΥΜΠΟΣ</lastName>
<amm>3055023</amm>
<tin>077247348</tin>
<policeId>ΑΚ470568</policeId>
<amka>08017204697</amka>
<newInsured/>
<category value="ΠΕ6" />
<scale>
<rank>998</rank>
</scale>
<bankAccount iban="GR5704311300003740103508438"/>
</identification>
<payment contractType="02">
<income type ="00">
<gr code="149" kae="0228" amount="106.25"/>
<de code="4002100" amount="8.16"/>
<de code="4014201" amount="7.09"/>
<de code="4014202" amount="2.71"/>
<de code="4014205" amount="4.25"/>
<de code="3011300" amount="4.96"/>
<de code="3089100" amount="0.83"/>
<de code="4051700" amount="1.06"/>
<et code="4002100" kae="99999" kaeDescription="0551" amount="10.44"/>
<et code="4014201" kae="99999" kaeDescription="0552" amount="14.16"/>
<et code="4014202" kae="99999" kaeDescription="0552" amount="5.42"/>
</income>
<netAmount1 value="77.19"/>
<netAmount2 value="0.00"/>
</payment>
</employee>
<employee>
<identification>
<firstName>ΓΕΩΡΓΙΟ</firstName>
<lastName>ΔΟΡΚΟΦΙΚΗΣ</lastName>
<amm>3014811</amm>
<tin>118202383</tin>
<policeId>ΑΖ566080</policeId>
<amka>05047102651</amka>
<newInsured/>
<category value="ΠΕ6" />
<scale>
<rank>998</rank>
</scale>
<bankAccount iban="GR6604308730003450100319587"/>
</identification>
<payment contractType="02">
<income type ="00">
<gr code="149" kae="0228" amount="500.00"/>
<de code="4002100" amount="38.40"/>
<de code="4014201" amount="33.35"/>
<de code="4014202" amount="12.75"/>
<de code="4014205" amount="20.00"/>
<de code="3011300" amount="31.65"/>
<de code="3089100" amount="3.91"/>
<de code="4051700" amount="5.00"/>
<et code="4002100" kae="99999" kaeDescription="0551" amount="49.15"/>
<et code="4014201" kae="99999" kaeDescription="0552" amount="66.65"/>
<et code="4014202" kae="99999" kaeDescription="0552" amount="25.50"/>
</income>
<netAmount1 value="354.94"/>
<netAmount2 value="0.00"/>
</payment>
</employee>
</employees>
<totals gross="6462.50" deduction="1565.41" employerTax="1723.68" netAmount1="4897.09" netAmount2="0.00"/>
<totalsKAE>
<grKAE>
<KAE value="0228" amount="6462.50"/>
</grKAE>
<deKAE>
<KAE value="021" amount="429.85"/>
<KAE value="142" amount="670.37"/>
<KAE value="0113" amount="353.68"/>
<KAE value="0891" amount="46.87"/>
<KAE value="0517" amount="64.64"/>
</deKAE>
<etKAE>
<KAE value="99999" amount="755.38"/>
<KAE value="99999" amount="968.30"/>
</etKAE>
</totalsKAE>
</organization>
</organizations>
</body>
</psp>
